City_ID,City,Lat,Lng,Max Temp,Humidity,Cloudiness,Wind Speed,Country,Date
0,margaret river,-33.95,115.0667,11.24,76,0,1.69,AU,1726520149
1,olonkinbyen,70.9221,-8.7187,0.8,79,100,4.56,SJ,1726520151
2,tamanrasset,22.785,5.5228,24.95,57,40,2.06,DZ,1726520188
3,udachny,66.4167,112.4,3.06,97,100,8.45,RU,1726520165
4,adamstown,-25.066,-130.1015,19.27,85,100,9.83,PN,1726520146
5,waitangi,-43.9535,-176.5597,11.01,96,100,4.02,NZ,1726520145
6,saldanha,-33.0117,17.9442,11.03,83,0,8.62,ZA,1726520205
7,itaguai,-22.8522,-43.7753,21.79,83,100,6.69,BR,1726520206
8,ilulissat,69.2167,-51.1,2.01,87,100,2.57,GL,1726520157
9,grytviken,-54.2811,-36.5092,-1.38,82,44,5.6,GS,1726520147
10,lebu,-37.6167,-73.65,11.0,70,100,6.68,CL,1726520157
11,carolina beach,34.0352,-77.8936,25.04,95,58,1.34,US,1726520211
12,papatowai,-46.5619,169.4708,3.78,78,100,7.04,NZ,1726520152
13,bethel,41.3712,-73.414,25.21,53,0,2.57,US,1726520157
14,qaqortoq,60.7167,-46.0333,4.64,83,100,1.43,GL,1726520150
15,longyearbyen,78.2186,15.6401,7.91,76,75,4.12,SJ,1726520162
16,yellowknife,62.456,-114.3525,15.23,88,100,5.66,CA,1726520154
17,sovetskaya gavan',48.9723,140.2878,12.41,63,78,2.18,RU,1726520217
18,west island,-12.1568,96.8225,25.99,69,24,7.2,CC,1726520146
19,cockburn town,21.4612,-71.1419,30.98,79,40,6.17,TC,1726520163
20,oranjemund,-28.55,16.4333,12.28,88,0,7.12,NA,1726520174
21,nar'yan-mar,67.6713,53.087,14.26,78,90,3.59,RU,1726520171
22,vallenar,-28.5708,-70.7581,17.55,39,0,5.14,CL,1726520224
23,edinburgh of the seven seas,-37.0676,-12.3116,10.37,68,33,16.89,SH,1726520153
24,ribeira grande,38.5167,-28.7,23.76,83,40,8.75,PT,1726520162
25,puerto ayora,-0.7393,-90.3518,21.97,93,90,3.13,EC,1726520148
26,nagqu,31.5,92.0,2.41,85,10,1.61,CN,1726520165
27,avarua,-21.2078,-159.775,26.03,73,40,7.2,CK,1726520169
28,mugia,43.1041,-9.2179,17.73,62,39,11.01,ES,1726520182
29,albany,42.6001,-73.9662,27.54,39,54,2.35,US,1726520147
30,sisimiut,66.9395,-53.6735,3.05,74,25,3.41,GL,1726520233
31,winterset,41.3308,-94.0138,30.31,29,3,7.93,US,1726520234
32,college,64.8569,-147.8028,8.37,85,100,3.6,US,1726520158
33,jamestown,42.097,-79.2353,27.79,39,0,3.6,US,1726520163
34,kalmunai,7.4167,81.8167,27.56,73,100,1.95,LK,1726520237
35,codrington,-38.2667,141.9667,9.34,76,100,4.54,AU,1726520192
36,port-aux-francais,-49.35,70.2167,4.48,95,100,16.48,TF,1726520146
37,egilsstadir,65.2653,-14.3948,9.95,71,100,3.09,IS,1726520153
38,sarangani,5.4033,125.4636,27.6,80,100,7.5,PH,1726520241
39,kuching,1.55,110.3333,26.12,95,20,2.57,MY,1726520242
40,garissa,-0.4536,39.6401,24.59,75,55,8.8,KE,1726520244
41,carnarvon,-24.8667,113.6333,20.33,37,0,6.65,AU,1726520245
42,iqaluit,63.7506,-68.5145,3.85,80,100,8.75,CA,1726520149
43,new norfolk,-42.7826,147.0587,8.84,83,98,3.92,AU,1726520247
44,thunder bay,48.4001,-89.3168,26.99,65,75,3.6,CA,1726520248
45,hermanus,-34.4187,19.2345,9.33,77,0,3.86,ZA,1726520155
46,ola,59.5833,151.2833,3.59,95,100,2.92,RU,1726520250
47,ad dabbah,18.05,30.95,34.73,16,2,4.14,SD,1726520251
48,george town,5.4112,100.3354,25.96,93,40,2.68,MY,1726520170
49,bredasdorp,-34.5322,20.0403,8.62,86,0,0.82,ZA,1726520155
50,sao jose da coroa grande,-8.8978,-35.1478,24.05,79,5,4.2,BR,1726520255
51,remire-montjoly,4.9167,-52.2667,30.02,70,0,5.14,GF,1726520256
52,punta arenas,-53.15,-70.9167,10.06,57,0,11.83,CL,1726520151
53,port elizabeth,-33.918,25.5701,14.16,87,0,1.54,ZA,1726520160
54,masterton,-40.9597,175.6575,8.36,90,92,3.6,NZ,1726520170
55,bamboo flat,11.7,92.7167,25.05,88,75,3.6,IN,1726520192
56,puerto natales,-51.7236,-72.4875,11.25,58,75,13.38,CL,1726520150
57,ambon,-3.6954,128.1814,27.15,95,40,3.09,ID,1726520262
58,mount gambier,-37.8333,140.7667,7.86,75,95,2.1,AU,1726520152
59,tondela,40.5167,-8.0833,22.51,17,0,5.21,PT,1726520265
60,ushuaia,-54.8,-68.3,9.81,53,40,5.66,AR,1726520049
61,saranac lake,44.3295,-74.1313,25.06,53,17,1.29,US,1726520267
62,colares,38.7992,-9.4469,28.55,15,0,6.69,PT,1726520268
63,invercargill,-46.4,168.35,5.01,71,100,4.92,NZ,1726520146
64,nampula,-15.1165,39.2666,22.97,60,0,4.12,MZ,1726520270
65,villamontes,-21.25,-63.5,31.69,51,40,0.0,BO,1726520271
66,maitum,6.0392,124.4986,24.8,88,100,4.09,PH,1726520272
67,colonia,50.9333,6.95,17.75,81,75,2.57,DE,1726520174
68,blackmans bay,-43.0167,147.3167,8.18,72,99,0.89,AU,1726520149
69,uturoa,-16.7333,-151.4333,25.39,84,100,4.11,PF,1726520166
70,toliara,-23.35,43.6667,22.67,74,46,2.53,MG,1726520277
71,walla walla,46.0646,-118.343,22.6,55,100,4.92,US,1726519992
72,ruteng,-8.6136,120.4721,15.11,94,73,0.51,ID,1726520279
73,howrah,22.5892,88.3103,28.0,94,75,3.6,IN,1726520201
74,vytegra,61.0064,36.4481,14.05,89,16,0.84,RU,1726520281
75,cill airne,52.05,-9.5167,15.22,88,54,1.97,IE,1726520282
76,ji'an,27.1172,114.9793,24.26,88,100,2.68,CN,1726520283
77,kapa'a,22.0752,-159.319,29.18,79,40,8.75,US,1726520164
78,ta`u,-14.2336,-169.5144,26.51,75,25,4.03,AS,1726520181
79,veraval,20.9,70.3667,26.14,77,19,4.09,IN,1726520286
80,kavaratti,10.5669,72.642,27.54,80,14,6.75,IN,1726520191
81,paita,-5.0892,-81.1144,19.37,77,22,8.02,PE,1726520181
82,tiksi,71.6872,128.8694,1.11,94,100,5.35,RU,1726520146
83,ust-nera,64.5667,143.2,1.57,82,100,2.62,RU,1726520169
84,pimentel,-6.8367,-79.9342,21.16,64,0,8.75,PE,1726520148
85,nova sintra,14.8667,-24.7167,26.64,74,14,5.43,CV,1726520157
86,alesund,62.4723,6.1549,14.31,72,75,6.69,NO,1726520189
87,alaghsas,17.0187,8.0168,28.96,45,99,6.82,NE,1726520295
88,vilyuchinsk,52.9306,158.4028,4.15,72,15,3.92,RU,1726520193
89,turpan,42.9333,89.1667,24.67,22,0,1.07,CN,1726520297
90,zvishavane,-20.3267,30.0665,23.72,27,0,2.55,ZW,1726520298
91,capivari,-22.995,-47.5078,17.49,84,100,7.69,BR,1726520300
92,hawaiian paradise park,19.5933,-154.9731,28.74,81,75,5.14,US,1726520146
93,fisterra,42.9049,-9.2629,19.72,55,65,7.43,ES,1726520302
94,st. john's,47.5649,-52.7093,19.98,67,75,10.8,CA,1726520149
95,holualoa,19.6228,-155.9522,27.91,87,75,4.63,US,1726520304
96,port alfred,-33.5906,26.891,15.1,86,56,0.74,ZA,1726520147
97,aasiaat,68.7098,-52.8699,0.26,83,86,1.73,GL,1726520152
98,talnakh,69.4865,88.3972,2.71,95,67,2.72,RU,1726520152
99,severo-yeniseyskiy,60.3725,93.0408,-0.49,84,100,1.53,RU,1726520308
100,hithadhoo,-0.6,73.0833,28.82,75,100,5.45,MV,1726520167
101,kidal,18.4411,1.4078,33.18,37,30,0.76,ML,1726520310
102,whitehorse,60.7161,-135.0538,10.43,71,75,2.06,CA,1726520091
103,anadyr,64.75,177.4833,8.28,87,75,3.0,RU,1726520149
104,stanley,54.868,-1.6985,9.01,90,0,0.51,GB,1726520165
105,walvis bay,-22.9575,14.5053,12.15,91,44,5.0,NA,1726520155
106,ghat,24.9647,10.1728,35.4,20,100,1.49,LY,1726520181
107,katsuura,35.1333,140.3,25.37,87,70,0.63,JP,1726520317
108,timimoun,29.2639,0.231,34.21,26,0,2.57,DZ,1726520318
109,vorgashor,67.5833,63.95,12.42,94,98,3.29,RU,1726520152
110,red hill,33.9996,-79.2581,20.56,1,100,7.18,US,1726520321
111,canguaretama,-6.38,-35.1289,23.35,75,0,5.47,BR,1726520322
112,tazovsky,67.4667,78.7,5.45,93,69,3.66,RU,1726520172
113,hamilton,39.1834,-84.5333,32.09,33,0,4.12,US,1726520147
114,bikenibeu village,1.3673,173.1241,28.98,74,20,2.57,KI,1726520180
115,callao,-12.0667,-77.15,20.4,77,100,3.6,PE,1726520198
116,thompson,55.7435,-97.8558,21.09,49,20,2.57,CA,1726520156
117,susuman,62.7833,148.1667,-0.23,71,18,0.76,RU,1726520180
118,pisco,-13.7,-76.2167,18.03,77,75,4.12,PE,1726520169
119,revda,56.801,59.9303,6.04,71,0,1.58,RU,1726520173
120,naco,31.3347,-109.9483,31.42,47,26,7.34,MX,1726520332
121,kalmar,56.6616,16.3616,13.96,100,100,3.13,SE,1726520333
122,sal rei,16.1833,-22.9167,25.92,80,100,5.22,CV,1726520334
123,kailua-kona,19.6406,-155.9956,30.15,78,75,4.63,US,1726520158
124,iskateley,67.6803,53.1512,14.29,78,95,3.57,RU,1726520161
125,waveland,30.2869,-89.3762,28.64,66,32,1.56,US,1726520338
126,castillos,-34.1667,-53.8333,16.06,72,0,1.75,UY,1726520185
127,quellon,-43.1167,-73.6167,9.76,75,100,0.28,CL,1726520161
128,kabalo,-6.05,26.9167,29.28,21,44,1.11,CD,1726520197
129,santa elena de uairen,4.6167,-61.1333,25.77,62,52,3.23,VE,1726520172
130,pont rouge,48.8833,-72.0825,26.12,54,26,4.13,CA,1726520343
131,chonchi,-42.6128,-73.8092,12.84,67,100,0.44,CL,1726520171
132,ponta delgada,37.7333,-25.6667,23.4,64,20,2.57,PT,1726520190
133,san antonio de pale,-1.4014,5.6325,24.74,84,90,5.42,GQ,1726520176
134,imbituba,-28.24,-48.6703,15.52,90,57,2.02,BR,1726520348
135,christchurch,-43.5333,172.6333,4.41,85,75,4.63,NZ,1726520123
136,hampton bays,40.869,-72.5176,21.59,75,0,2.68,US,1726520350
137,buala,-8.145,159.5921,27.44,78,29,1.67,SB,1726520169
138,belyye berega,53.2085,34.6641,19.52,42,67,3.45,RU,1726520352
139,kapuskasing,49.4169,-82.4331,30.05,51,75,8.75,CA,1726520146
140,pachperwa,27.5167,82.65,25.88,86,96,0.98,IN,1726520354
141,utrik,11.2278,169.8474,28.44,75,82,4.47,MH,1726520167
142,wailua homesteads,22.0669,-159.378,28.44,82,40,8.75,US,1726520148
143,lima duarte,-21.8425,-43.7931,19.16,83,100,2.7,BR,1726520357
144,bilibino,68.0546,166.4372,-0.19,93,99,1.41,RU,1726520152
145,kolkata,22.5697,88.3697,27.97,94,75,3.6,IN,1726520090
146,malango,-2.9627,119.9001,18.0,98,89,0.88,ID,1726520361
147,tyre,33.2733,35.1939,25.78,64,70,2.87,LB,1726520196
148,saynshand,44.8824,110.1163,15.38,37,100,3.36,MN,1726520363
149,norfolk,42.1668,-71.2495,28.39,30,0,0.89,US,1726520365
150,cabo san lucas,22.8909,-109.9124,27.74,67,5,6.26,MX,1726520154
151,changping,40.2186,116.2197,20.74,79,30,2.08,CN,1726520367
152,pocone,-16.2567,-56.6228,34.36,32,12,3.79,BR,1726520368
153,nemuro,43.3236,145.575,16.28,82,100,8.51,JP,1726520149
154,geraldton,-28.7667,114.6,12.23,58,0,4.12,AU,1726520154
155,katsuren-haebaru,26.3369,127.8719,28.38,83,75,6.69,JP,1726520179
156,mikhaylovsk,45.1283,42.0256,17.12,51,0,10.0,RU,1726520373
157,yuto,-23.6434,-64.4719,29.12,27,0,1.34,AR,1726520374
158,bangassou,4.7413,22.8184,21.2,91,100,0.97,CF,1726520375
159,pasighat,28.0667,95.3333,25.37,86,0,1.45,IN,1726520376
160,aoulef,26.9667,1.0833,34.96,19,0,5.91,DZ,1726520377
161,hobyo,5.3505,48.5268,24.95,90,82,10.83,SO,1726520378
162,acarau,-2.8856,-40.12,25.7,73,0,7.89,BR,1726520161
163,richards bay,-28.783,32.0377,18.84,92,100,4.47,ZA,1726520382
164,brookings,44.3114,-96.7984,27.0,57,0,9.77,US,1726520145
165,eaglehawk,-36.7333,144.25,5.49,86,72,1.96,AU,1726520384
166,gadzhiyevo,69.2551,33.3362,8.91,89,96,4.1,RU,1726520186
167,fort bragg,35.139,-79.006,20.75,95,100,12.86,US,1726520386
168,neryungri,56.6709,124.6491,0.84,95,100,5.49,RU,1726520244
169,kohlu,29.8962,69.252,25.34,50,12,1.13,PK,1726520389
170,elk city,35.412,-99.4043,33.12,40,0,4.12,US,1726520390
171,el nido,11.1858,119.3956,25.64,94,100,0.89,PH,1726520392
172,san nicolas de bari,22.7844,-81.9133,31.9,63,63,2.59,CU,1726520394
173,chegdomyn,51.1167,133.0167,7.39,87,64,2.2,RU,1726520146
174,victorica,-36.2151,-65.4359,25.74,17,96,7.42,AR,1726520396
175,buka,40.8108,69.1986,18.41,38,65,1.6,UZ,1726520188
176,loango,-4.6719,11.8312,24.81,83,75,4.12,CG,1726520398
177,camarinas,43.1311,-9.1817,17.74,64,35,11.28,ES,1726520401
178,fomboni,-12.28,43.7425,25.56,72,48,4.28,KM,1726520402
179,tsiombe,-25.3,45.4833,20.25,88,13,2.5,MG,1726520403
180,mahibadhoo,3.7833,72.9667,28.78,75,39,5.98,MV,1726520181
181,keflavik,64.0049,-22.5624,9.24,100,100,6.17,IS,1726520183
182,choyr,46.3611,108.3611,10.49,47,35,4.05,MN,1726520406
183,isafjordur,66.0755,-23.124,2.37,92,100,2.22,IS,1726520154
184,magadan,59.5667,150.8,3.28,96,100,2.4,RU,1726520408
185,al jahra',29.3375,47.6581,31.56,25,0,3.46,KW,1726520409
186,enewetak,11.3474,162.3373,28.65,76,36,5.09,MH,1726520159
187,camana,-16.6228,-72.7111,17.62,75,4,2.84,PE,1726520412
188,kodiak,57.79,-152.4072,13.73,51,20,3.09,US,1726520166
189,khetri,27.9833,75.8,24.8,61,1,2.8,IN,1726520414
190,juybar,36.6412,52.9124,19.09,64,4,2.04,IR,1726520415
191,ljubuski,43.1969,17.545,14.68,67,73,1.02,BA,1726520416
192,shashemene,7.2,38.6,15.08,84,99,2.71,ET,1726520417
193,mejit,10.2753,170.8646,28.2,77,14,5.07,MH,1726520181
194,chunskiy,56.0815,99.6342,0.1,94,99,0.51,RU,1726520420
195,rundu,-17.9333,19.7667,27.69,15,96,1.05,NA,1726520422
196,san andres,12.5847,-81.7006,32.01,74,20,4.12,CO,1726520423
197,hammerfest,70.6634,23.6821,11.25,82,0,1.54,NO,1726520424
198,koelwar,25.5833,84.8,27.95,94,100,6.45,IN,1726520425
199,colonia menno,-22.3667,-59.8167,29.55,24,0,3.84,PY,1726520154
200,mount isa,-20.7333,139.5,20.87,23,43,3.6,AU,1726520427
201,constantia,44.1833,28.65,14.38,61,8,4.92,RO,1726520166
202,puerto deseado,-47.7503,-65.8938,13.19,44,90,10.14,AR,1726520186
203,dudinka,69.4058,86.1778,2.46,93,19,3.07,RU,1726520176
204,selkirk,50.1436,-96.8845,19.54,83,100,2.24,CA,1726520432
205,meiktila,20.8667,95.8667,25.11,84,99,1.51,MM,1726520433
206,salekhard,66.53,66.6019,13.97,90,96,1.52,RU,1726520434
207,alta,69.9689,23.2717,11.59,76,0,2.24,NO,1726520435
208,guerrero negro,27.9769,-114.0611,22.96,56,3,7.5,MX,1726520436
209,prado,-17.3411,-39.2208,24.24,79,0,6.64,BR,1726520437
210,alofi,-19.0595,-169.9187,24.94,83,75,2.06,NU,1726520173
211,inirida,3.8653,-67.9239,29.68,70,10,4.94,CO,1726520439
212,mokhsogollokh,61.4681,128.9203,-2.55,95,4,2.2,RU,1726520440
213,atafu village,-8.5421,-172.5159,28.05,74,18,3.6,TK,1726520168
214,yugorsk,61.3133,63.3319,10.55,83,15,2.35,RU,1726520443
215,hasaki,35.7333,140.8333,23.67,89,24,1.54,JP,1726520174
216,natal,-5.795,-35.2094,26.36,69,20,9.26,BR,1726520445
217,birao,10.2849,22.7882,23.25,94,85,0.15,CF,1726520446
218,ulsteinvik,62.3432,5.8487,14.31,79,100,1.34,NO,1726520165
219,jayapura,-2.5333,140.7,27.66,95,92,2.15,ID,1726520448
220,la ronge,55.1001,-105.2842,22.14,37,40,3.6,CA,1726520198
221,naliya,23.2667,68.8333,25.91,76,4,4.69,IN,1726520450
222,dunedin,-45.8742,170.5036,4.89,69,42,5.36,NZ,1726520421
223,laminusa,5.5549,120.9136,28.21,76,100,7.06,PH,1726520452
224,shimo-furano,43.35,142.3833,13.61,95,100,2.06,JP,1726520453
225,le port,-20.9373,55.2919,21.98,63,53,2.94,RE,1726520455
226,novodvinsk,64.4165,40.8122,13.86,82,3,2.22,RU,1726520456
227,cruzeiro do sul,-29.5128,-51.9853,18.06,75,1,2.64,BR,1726520458
228,saint-philippe,-21.3585,55.7679,20.8,77,43,6.39,RE,1726520190
229,pitkyaranta,61.5734,31.4792,13.51,71,78,0.61,RU,1726520460
230,maceio,-9.6658,-35.7353,24.69,78,20,3.6,BR,1726520461
231,sabha,27.0377,14.4283,33.34,22,0,5.08,LY,1726520462
232,tambura,5.6,27.4667,21.37,93,100,1.08,SS,1726520463
233,tura,25.5198,90.2201,23.64,91,99,1.21,IN,1726520464
234,san patricio,28.017,-97.5169,30.97,41,1,3.71,US,1726520174
235,la passe,45.5549,-0.8967,15.47,68,21,4.65,FR,1726520467
236,erenhot,43.6475,111.9767,15.21,44,90,2.75,CN,1726520468
237,khovd,48.0056,91.6419,8.4,36,1,3.75,MN,1726520192
238,belmonte,-15.8631,-38.8828,23.58,79,0,4.34,BR,1726520179
239,wuhan,30.5833,114.2667,26.17,55,99,3.9,CN,1726520471
240,port mathurin,-19.6833,63.4167,21.43,74,79,10.98,MU,1726520472
241,lihue,21.9789,-159.3672,28.77,73,40,8.75,US,1726520473
242,dingwall,57.5953,-4.4272,13.99,86,98,2.26,GB,1726520474
243,abepura,-2.6333,140.5833,27.45,83,40,4.12,ID,1726520475
244,gwadar,25.1216,62.3254,26.48,83,9,3.86,PK,1726520199
245,saipan,15.1355,145.701,28.32,81,100,10.18,MP,1726520478
246,oliver,49.1831,-119.5524,22.95,31,0,5.66,CA,1726520479
247,rawson,-43.3002,-65.1023,20.16,22,0,9.26,AR,1726520481
248,sala consilina,40.3912,15.5989,12.01,93,100,2.28,IT,1726520482
249,malpica,43.3228,-8.8105,16.79,100,48,7.92,ES,1726520483
250,nabire,-3.3667,135.4833,25.11,91,100,1.15,ID,1726520484
251,grand falls-windsor,48.9332,-55.6649,22.5,66,79,0.45,CA,1726520485
252,diamantino,-14.4086,-56.4461,33.92,29,7,4.84,BR,1726520486
253,primero de mayo,-32.2552,-58.4228,23.79,45,0,4.39,AR,1726520488
254,mount pearl,47.5166,-52.7813,19.52,73,75,10.8,CA,1726520489
255,bela vista,-22.1089,-56.5211,27.05,33,0,3.21,BR,1726520491
256,pingliang,35.5392,106.6861,18.65,88,76,1.94,CN,1726520492
257,zheshart,62.0731,49.5733,14.41,92,100,2.13,RU,1726520493
258,alotau,-10.3069,150.4462,23.8,98,100,1.92,PG,1726520494
259,fort st. john,56.2499,-120.8529,16.94,48,75,7.2,CA,1726520495
260,weno,7.4515,151.8468,28.03,78,100,5.37,FM,1726520496
261,urupes,-21.2017,-49.29,27.98,43,35,4.45,BR,1726520498
262,taoudenni,22.6783,-3.9836,37.51,12,19,1.05,ML,1726520499
263,auki,-8.7676,160.7034,26.49,86,39,1.35,SB,1726520500
264,zhezqazghan,47.7833,67.7667,10.01,34,100,10.49,KZ,1726520501
265,novoagansk,61.9449,76.6625,8.49,70,100,4.32,RU,1726520502
266,childress,34.4264,-100.204,35.09,30,0,5.7,US,1726520503
267,ribeira brava,32.65,-17.0667,23.73,85,26,1.26,PT,1726520504
268,bandarbeyla,9.4942,50.8122,25.34,83,31,11.98,SO,1726520505
269,solone,48.2081,34.8721,20.84,30,100,8.23,UA,1726520506
270,qarazhal,48.0078,70.7903,7.38,41,74,8.67,KZ,1726520507
271,ondjiva,-17.0667,15.7333,27.02,12,54,2.57,AO,1726520509
272,ilebo,-4.3167,20.5833,23.97,83,29,0.67,CD,1726520510
273,northam,51.0333,-4.2167,13.12,88,28,3.12,GB,1726520511
274,kattivakkam,13.2167,80.3167,30.08,86,15,3.92,IN,1726520512
275,nova vicosa,-17.8919,-39.3719,24.21,79,43,6.16,BR,1726520513
276,saint-laurent-du-maroni,5.5039,-54.0289,28.9,68,28,3.12,GF,1726520514
277,touros,-5.1989,-35.4608,24.81,76,1,7.49,BR,1726520515
278,nookat,40.2671,72.6207,15.41,33,100,2.96,KG,1726520516
279,georgetown,5.4112,100.3354,25.96,93,40,2.68,MY,1726520517
280,wotho,10.1657,166.0102,28.29,74,12,3.0,MH,1726520518
281,sao joao da barra,-21.6403,-41.0511,26.05,84,1,4.53,BR,1726520519
282,barah,13.7,30.3667,26.9,68,100,7.14,SD,1726520521
283,santiago de cao,-7.9589,-79.2392,18.07,82,20,5.66,PE,1726520522
284,sinop,41.7711,34.8709,14.01,94,12,1.65,TR,1726520523
285,flin flon,54.7682,-101.865,19.91,60,40,4.12,CA,1726520524
286,taulaga,-11.0553,-171.0883,27.99,70,54,5.12,AS,1726520525
287,grabs,47.1825,9.4439,8.81,95,100,0.45,CH,1726520526
288,chui,-33.6971,-53.4616,14.7,68,0,2.41,UY,1726520527
289,la'ie,21.6477,-157.9253,30.98,79,65,8.32,US,1726520528
290,banda aceh,5.5577,95.3222,26.67,78,100,8.2,ID,1726520529
291,manta,-0.95,-80.7333,27.88,69,40,5.14,EC,1726520438
292,cole harbour,44.6724,-63.4751,24.34,68,0,6.69,CA,1726520532
293,sarmiento,-45.5882,-69.07,12.96,37,100,8.66,AR,1726520533
294,bolhrad,45.6826,28.6149,17.14,61,100,3.56,UA,1726520534
295,along,28.1667,94.7667,20.64,99,41,0.52,IN,1726520535
296,ancud,-41.8697,-73.8203,10.56,64,79,2.51,CL,1726520536
297,kaiama,9.6225,3.9481,23.94,93,100,0.46,NG,1726520537
298,madang,-5.2246,145.7966,24.92,90,90,0.7,PG,1726520538
299,port blair,11.6667,92.75,25.02,88,75,3.6,IN,1726520539
300,haiku-pauwela,20.9219,-156.3051,29.03,70,64,12.07,US,1726520540
301,klaksvik,62.2266,-6.589,10.55,97,100,14.05,FO,1726520541
302,badger,64.8,-147.5333,8.32,91,100,0.89,US,1726520543
303,puerto baquerizo moreno,-0.9,-89.6,23.55,73,75,5.14,EC,1726520544
304,vila franca do campo,37.7167,-25.4333,23.23,77,44,1.83,PT,1726520545
305,tolanaro,-25.0319,46.9987,21.04,83,0,2.06,MG,1726520546
306,kirkwood,38.5834,-90.4068,30.77,55,75,2.57,US,1726520547
307,mitchell,43.7094,-98.0298,28.99,51,0,11.32,US,1726520548
308,korsakov,46.6328,142.7813,13.91,88,100,5.33,RU,1726520549
309,broken hill,-31.95,141.4333,6.11,58,0,2.99,AU,1726520550
310,carbondale,37.7273,-89.2168,29.99,51,40,3.6,US,1726520551
311,graaff-reinet,-32.2522,24.5308,9.4,81,0,1.04,ZA,1726520553
312,cuauhtemoc,28.4167,-106.8667,28.14,29,12,5.11,MX,1726520554
313,lompoc,34.6391,-120.4579,20.94,62,100,8.23,US,1726520539
314,petropavlovsk-kamchatsky,53.0452,158.6483,3.33,70,20,2.0,RU,1726520556
315,preobrazheniye,42.9019,133.9064,16.81,92,82,2.72,RU,1726520557
316,kirensk,57.7853,108.1119,1.84,98,98,1.3,RU,1726520558
317,bestobe,52.4994,73.0975,5.9,69,6,2.97,KZ,1726520559
318,dolzhanskaya,46.6311,37.8039,22.29,42,100,11.41,RU,1726520560
319,nazyvayevsk,55.5698,71.3529,5.14,78,15,1.66,RU,1726520561
320,choele choel,-39.2667,-65.6833,22.99,14,100,5.16,AR,1726520564
321,daru,-9.0763,143.2092,24.28,90,100,8.74,PG,1726520565
322,klyuchi,52.2667,79.1667,4.75,62,61,3.34,RU,1726520566
323,greenville,35.6127,-77.3663,23.01,98,100,7.72,US,1726520567
324,ko samui,9.5357,99.9357,27.69,80,100,9.71,TH,1726520568
325,byumba,-1.5763,30.0675,16.85,42,98,0.83,RW,1726520569
326,arkhangel'sk,64.5401,40.5433,14.06,72,75,3.0,RU,1726520571
327,akjoujt,19.6969,-14.4164,33.7,36,46,6.37,MR,1726520573
328,lhokseumawe,5.1801,97.1507,26.38,75,100,1.21,ID,1726520574
329,nowy dwor gdanski,54.2131,19.1177,18.97,53,84,2.81,PL,1726520575
330,antsiranana,-12.2787,49.2917,22.29,74,6,7.93,MG,1726520576
331,nanao,37.05,136.9667,23.31,92,7,1.31,JP,1726520577
332,wenchang,30.904,118.4887,24.48,92,100,2.02,CN,1726520578
333,horby,50.0468,32.4907,18.71,37,5,5.25,UA,1726520580
334,malmberget,67.1753,20.6549,9.31,93,75,0.0,SE,1726520581
335,santo domingo zanatepec,16.4831,-94.3475,31.81,74,75,1.85,MX,1726520582
336,fuglafjordur,62.244,-6.814,10.59,95,100,10.42,FO,1726520583
337,ashdod,31.8167,34.65,25.12,66,0,3.87,IL,1726520585
338,monrovia,6.3005,-10.7969,24.85,89,48,2.98,LR,1726520586
339,kargil,34.5667,76.1,7.82,42,0,2.94,IN,1726520587
340,afaahiti,-17.75,-149.2833,24.16,86,45,5.53,PF,1726520588
341,rupert,42.6191,-113.6772,20.97,60,20,4.12,US,1726520589
342,kosh-agach,50.0,88.6667,0.27,75,98,1.05,RU,1726520590
343,sur,22.5667,59.5289,28.81,62,2,4.09,OM,1726520591
344,cefalu,38.0386,14.0229,20.42,61,77,1.34,IT,1726520592
345,yemva,62.59,50.8594,15.38,88,80,2.22,RU,1726520593
346,canico,32.6333,-16.85,23.73,68,40,5.66,PT,1726520594
347,stalowa wola,50.5829,22.0533,14.92,76,94,0.45,PL,1726520596
348,labrador city,52.9463,-66.9114,20.95,60,40,2.57,CA,1726520597
349,flying fish cove,-10.4217,105.6791,24.82,83,100,4.63,CX,1726520598
350,akdepe,42.0551,59.3788,16.6,61,0,5.32,TM,1726520599
351,vadso,70.0744,29.7487,8.09,87,0,1.03,NO,1726520601
352,chhor,25.5167,69.7667,27.09,70,0,6.31,PK,1726520602
353,merizo village,13.2658,144.6691,25.88,94,100,5.22,GU,1726520603
354,at taj,24.2049,23.2857,30.38,33,27,5.91,LY,1726520604
355,yelizovo,53.1873,158.3805,4.08,70,20,2.0,RU,1726520605
356,choma,-16.8065,26.9531,22.12,25,0,2.43,ZM,1726520607
357,yuzhno-kurilsk,44.0306,145.8556,15.63,87,100,5.03,RU,1726520608
358,machico,32.7,-16.7667,23.73,68,40,5.66,PT,1726520609
359,gorantla,13.9789,77.7479,21.91,83,56,6.58,IN,1726520610
360,elko,41.0002,-115.5012,13.69,65,98,6.71,US,1726520611
361,hami,42.8,93.45,20.43,21,0,1.02,CN,1726520612
362,ovalle,-30.5983,-71.2003,23.24,35,46,4.44,CL,1726520613
363,iquique,-20.2208,-70.1431,15.21,82,36,0.89,CL,1726520614
364,alexandria,31.2156,29.9553,26.15,58,0,3.4,EG,1726520400
365,puerto princesa,9.7392,118.7353,25.86,91,100,1.78,PH,1726520616
366,baltinava,56.95,27.65,14.77,62,22,2.08,LV,1726520618
367,mount pleasant,32.7941,-79.8626,23.33,81,100,5.66,US,1726520619
368,az zubayr,30.3945,47.7011,27.92,47,0,5.14,IQ,1726520620
369,cascais,38.6979,-9.4215,28.64,15,0,6.69,PT,1726520621
370,ambridge,40.5892,-80.2251,26.92,31,100,4.12,US,1726520622
371,tinghir,31.5157,-5.5343,24.95,19,7,3.24,MA,1726520623
372,noumea,-22.2763,166.4572,23.33,99,28,5.58,NC,1726520624
373,laojunmiao,39.8333,97.7333,13.59,72,6,2.55,CN,1726520625
374,chechat,24.7667,75.8833,24.01,75,52,3.04,IN,1726520626
375,outjo,-20.1167,16.15,16.96,15,2,4.11,NA,1726520627
376,yaounde,3.8667,11.5167,21.74,88,40,2.06,CM,1726520629
377,aginskoye,51.1,114.53,5.52,80,41,1.04,RU,1726520630
378,mountain home,43.133,-115.6912,21.71,50,75,2.68,US,1726520631
379,selizharovo,56.8519,33.4487,14.32,70,40,2.1,RU,1726520632
380,wodonga,-36.1167,146.8833,7.2,100,39,0.9,AU,1726520633
381,terra santa,-2.1042,-56.4869,37.87,22,28,2.27,BR,1726520634
382,arraias,-12.9288,-46.9437,30.78,18,0,2.13,BR,1726520635
383,howard springs,-12.497,131.047,22.95,93,43,2.63,AU,1726520636
384,kone,-21.0595,164.8658,21.55,48,87,4.5,NC,1726520637
385,taltal,-25.4,-70.4833,15.38,79,66,2.22,CL,1726520482
386,bad sooden-allendorf,51.2833,9.9833,9.58,91,43,2.01,DE,1726520640
387,sapatgram,26.3334,90.109,25.77,82,100,1.39,IN,1726520641
388,villa gesell,-37.2639,-56.973,14.49,63,3,5.25,AR,1726520642
389,okha,53.5739,142.9478,10.92,87,100,2.51,RU,1726520643
390,tres arroyos,-38.3739,-60.2798,17.22,50,0,3.07,AR,1726520644
391,akureyri,65.6835,-18.0878,8.96,61,40,4.63,IS,1726520404
392,maxixe,-23.8597,35.3472,23.24,94,2,3.29,MZ,1726520646
393,yarrawonga,-36.0167,146.0,6.08,94,55,2.29,AU,1726520647
394,saint-yrieix-la-perche,45.516,1.2057,13.24,73,0,3.65,FR,1726520649
395,kilju,40.9642,129.3278,18.61,86,100,1.19,KP,1726520650
396,kualakapuas,-3.0091,114.3876,23.93,85,100,0.98,ID,1726520652
397,sens,48.1667,3.3333,14.64,73,60,4.74,FR,1726520653
398,onega,63.9061,38.1404,9.49,77,21,1.95,RU,1726520654
399,asaita,11.5636,41.4394,32.23,40,91,0.51,ET,1726520655
400,dickinson,29.4608,-95.0513,33.92,72,40,5.14,US,1726520650
401,qamdo,31.1667,97.2333,6.25,87,100,1.64,CN,1726520657
402,chernyakhovsk,54.6335,21.8156,15.88,58,11,3.52,RU,1726520658
403,tubarjal,30.4999,38.216,25.44,43,0,7.82,SA,1726520659
404,madimba,-10.4,40.3333,23.82,85,32,3.05,TZ,1726520660
405,okhotsk,59.3833,143.3,7.89,70,84,1.24,RU,1726520663
406,kurmuk,10.55,34.2833,20.69,97,98,0.88,SD,1726520664
407,antigonish,45.6169,-61.9986,26.1,63,2,3.13,CA,1726520665
408,vila do maio,15.1333,-23.2167,26.44,78,99,4.38,CV,1726520666
409,spring creek,40.7266,-115.5859,10.83,28,84,2.46,US,1726520667
410,itoman,26.1247,127.6694,28.38,78,3,6.17,JP,1726520668
411,santarem,-2.4431,-54.7083,33.07,62,0,4.63,BR,1726520669
412,trat,12.5,102.5,24.38,97,100,0.67,TH,1726520670
413,khorixas,-20.3667,14.9667,15.17,28,0,1.97,NA,1726520672
414,kisesa,-3.0833,34.15,25.61,37,94,3.66,TZ,1726520673
415,motueka,-41.1333,173.0167,7.83,89,93,3.4,NZ,1726520674
416,port augusta,-32.5,137.7667,3.95,74,0,1.52,AU,1726520675
417,levuka,50.1834,-105.4011,25.85,44,75,6.69,CA,1726520676
418,dhaulpur,26.7,77.9,26.46,64,27,1.56,IN,1726520677
419,darwin,-12.4611,130.8418,22.99,94,75,3.58,AU,1726520678
420,mil'kovo,55.6078,37.7956,18.13,51,9,2.51,RU,1726520679
421,ha'il,27.5219,41.6907,29.01,34,0,2.06,SA,1726520680
422,papao,-17.75,-149.55,26.82,82,20,5.02,PF,1726520681
423,tromso,69.6496,18.957,12.01,76,75,5.14,NO,1726520683
424,kayangel,8.0823,134.7173,28.51,81,100,10.03,PW,1726520684
425,chadron,42.8294,-102.9999,33.82,26,0,6.69,US,1726520685
426,isla mujeres,21.2311,-86.731,32.03,69,28,4.28,MX,1726520686
427,hadibu,12.65,54.0333,25.56,78,11,6.4,YE,1726520677
428,makarov,48.6333,142.8,14.35,85,100,3.26,RU,1726520688
429,carutapera,-1.195,-46.02,26.44,75,41,4.75,BR,1726520689
430,zaragoza,41.6561,-0.8773,18.9,43,0,10.8,ES,1726520690
431,antonio enes,-16.2325,39.9086,24.06,84,0,4.57,MZ,1726520693
432,viale,-31.8678,-60.0072,22.68,39,0,5.03,AR,1726520694
433,ebon,4.582,168.6964,28.66,70,31,3.0,MH,1726520695
434,raduzhny,62.0961,77.475,8.26,73,98,4.28,RU,1726520696
435,harstad,68.799,16.5293,11.75,92,69,10.73,NO,1726520697
436,sinabang,2.4803,96.3801,25.23,90,100,2.65,ID,1726520657
437,bac lieu,9.285,105.7244,26.67,83,99,7.86,VN,1726520699
438,gargalianoi,37.0667,21.6333,19.74,68,0,3.23,GR,1726520700
439,edd,13.9297,41.6925,32.34,64,88,2.26,ER,1726520701
440,iglino,54.8324,56.4126,9.29,71,0,0.61,RU,1726520702
441,kununurra,-15.7667,128.7333,19.99,77,100,9.26,AU,1726520676
442,viqueque,-8.8673,126.3658,22.59,93,69,0.95,TL,1726520705
443,east london,-33.0153,27.9116,17.64,73,100,0.85,ZA,1726520433
444,kimbe,-5.5502,150.1429,24.89,91,7,1.63,PG,1726520707
445,el granada,37.5027,-122.4694,20.66,70,75,2.57,US,1726520708
446,abatskoye,56.2875,70.4555,5.32,75,20,0.91,RU,1726520709
447,pechora,65.1472,57.2244,14.15,95,98,2.66,RU,1726520710
448,mata-utu,-13.2816,-176.1745,26.83,78,96,3.53,WF,1726520711
449,colac,-38.3333,143.5833,7.26,91,100,3.78,AU,1726520609
450,mogadishu,2.0371,45.3438,25.15,91,39,7.16,SO,1726520713
451,inarajan village,13.2736,144.7484,26.11,94,100,5.06,GU,1726520714
452,cartagena del chaira,1.3349,-74.8429,31.09,56,91,2.44,CO,1726520716
453,opuwo,-18.0607,13.84,19.82,16,4,2.49,NA,1726520717
454,tuzha,57.6062,47.936,14.07,69,62,2.09,RU,1726520718
455,kerman,30.2832,57.0788,21.92,24,0,5.14,IR,1726520719
456,welkom,-27.9864,26.7066,15.99,62,100,3.42,ZA,1726520720
457,fale old settlement,-9.3852,-171.2468,27.01,80,52,3.37,TK,1726520721
458,ebaye,8.7748,167.7392,29.01,74,0,2.57,MH,1726520722
459,maricopa,33.0581,-112.0476,37.25,32,75,7.2,US,1726520560
460,zakharivka,47.3333,29.75,20.35,35,100,3.78,UA,1726520724
461,lae,-6.7221,146.9847,22.42,92,97,2.3,PG,1726520725
462,porto velho,-8.7619,-63.9039,34.03,46,88,2.57,BR,1726520727
463,les avirons,-21.2418,55.3394,18.05,68,0,4.12,RE,1726520728
464,mandalgovi,45.7625,106.2708,11.2,67,95,2.69,MN,1726520729
465,potchefstroom,-26.7167,27.1,18.44,53,100,4.09,ZA,1726520730
466,mermoz boabab,14.7065,-17.4758,26.88,83,0,2.06,SN,1726520731
467,barra,-11.0894,-43.1417,29.02,34,0,3.32,BR,1726520732
468,lata,40.1629,-8.3327,19.72,47,0,1.49,PT,1726520733
469,coyhaique,-45.5752,-72.0662,4.87,98,100,3.24,CL,1726520734
470,morsbach,50.8667,7.75,15.19,84,88,1.34,DE,1726520735
471,nazarabad,35.9521,50.6075,22.45,46,12,1.37,IR,1726520737
472,dakhla,23.6848,-15.958,21.01,88,11,8.23,EH,1726520738
473,sheksna,59.21,38.5107,9.98,74,68,2.39,RU,1726520740
474,sujiatun,41.6592,123.3392,19.1,88,100,2.0,CN,1726520741
475,zaterechnyy,44.7931,45.2097,19.14,55,99,7.4,RU,1726520742
476,lubao,14.9167,120.55,26.84,96,100,1.09,PH,1726520743
477,ilomantsi,62.6716,30.9328,9.92,67,19,1.04,FI,1726520744
478,san luis,-33.295,-66.3356,23.81,15,89,8.4,AR,1726520745
479,kamba,11.8486,3.6576,26.94,78,34,3.52,NG,1726520746
480,el calafate,-50.3408,-72.2768,6.66,84,23,2.67,AR,1726520748
481,nuuk,64.1835,-51.7216,3.65,88,19,1.74,GL,1726520749
482,domna,51.8971,113.1573,-0.91,93,6,2.0,RU,1726520750
483,swakopmund,-22.6833,14.5333,11.96,94,46,3.68,NA,1726520751
484,namibe,-15.1961,12.1522,18.3,86,57,1.9,AO,1726520752
485,galesong,-5.3166,119.3661,24.66,68,17,1.29,ID,1726520753
486,weligama,5.9667,80.4167,29.39,87,99,6.37,LK,1726520754
487,happy valley-goose bay,53.3168,-60.3315,21.17,68,75,5.14,CA,1726520755
488,pesqueira,-8.3578,-36.6964,20.99,60,1,7.0,BR,1726520756
489,pasuquin,18.3328,120.6177,23.97,100,100,2.06,PH,1726520757
490,vila velha,-20.3297,-40.2925,25.97,85,0,9.26,BR,1726520758
491,viedma,-40.8135,-62.9967,17.89,28,5,4.96,AR,1726520761
492,narasannapeta,18.4167,84.05,25.98,81,99,2.87,IN,1726520654
493,jiwani,25.05,61.7417,26.56,83,21,2.62,PK,1726520763
494,usogorsk,63.4106,48.6872,15.02,70,8,2.96,RU,1726520764
495,ardakan,32.31,54.0175,24.23,29,0,4.53,IR,1726520765
496,porto franco,-6.3383,-47.3992,36.38,21,40,1.45,BR,1726520766
497,bardai,11.65,7.2333,23.81,82,73,2.7,NG,1726520767
498,midvagur,62.0511,-7.1939,11.46,93,100,9.77,FO,1726520770
499,tindouf,27.6711,-8.1474,33.25,16,55,4.12,DZ,1726520771
500,kyakhta,50.3508,106.4494,3.96,91,1,2.25,RU,1726520772
501,walkersville,39.4862,-77.3519,24.84,55,40,4.12,US,1726520773
502,longboat key,27.4125,-82.659,31.16,64,0,4.12,US,1726520774
503,samdari,25.8167,72.5833,26.78,64,0,3.18,IN,1726520775
504,tomatlan,19.9333,-105.25,31.71,67,77,3.86,MX,1726520777
505,kruisfontein,-34.0033,24.7314,9.86,84,0,1.16,ZA,1726520778
506,quillacollo,-17.4,-66.2833,27.04,21,40,5.14,BO,1726520779
507,kingston,17.997,-76.7936,33.53,66,20,9.26,JM,1726520781
508,bel ombre,-4.6167,55.4167,24.91,94,75,9.77,SC,1726520782
509,likasi,-10.9814,26.7333,20.74,26,0,1.51,CD,1726520783
510,holdrege,40.4403,-99.3698,27.95,47,0,10.29,US,1726520784
511,amga,60.8953,131.9608,-2.5,91,3,1.14,RU,1726520785
512,alice springs,-23.7,133.8833,9.75,27,34,4.12,AU,1726520786
513,xuchang,34.0167,113.8167,22.07,78,56,5.42,CN,1726520787
514,kirakira,-10.4544,161.9205,26.97,83,21,1.37,SB,1726520788
515,al kharj,24.155,47.3346,32.32,18,0,3.9,SA,1726520789
516,joshimath,30.5667,79.5667,14.27,66,87,2.37,IN,1726520790
517,sitka,57.0531,-135.33,13.94,77,100,2.57,US,1726520792
518,illizi,26.4833,8.4667,34.41,23,70,5.7,DZ,1726520793
519,leticia,-4.2153,-69.9406,32.03,66,75,3.09,CO,1726520794
520,el sauzal de rodriguez,31.9,-116.6833,20.79,70,24,6.98,MX,1726520795
521,olinda,-8.0089,-34.8553,25.85,73,40,5.66,BR,1726520796
522,khomeyni shahr,32.7002,51.5211,24.06,27,0,1.78,IR,1726520797
523,mcdonough,40.4667,-90.6668,30.0,35,0,4.63,US,1726520798
524,dole,47.0833,5.5,14.71,88,75,3.09,FR,1726520799
525,micheweni,-4.9667,39.8333,24.35,85,6,4.66,TZ,1726520800
526,beyneu,45.3167,55.2,21.74,37,90,4.54,KZ,1726520801
527,nieuw amsterdam,5.8833,-55.0833,33.01,58,40,4.12,SR,1726520803
528,lucas,41.6501,-83.6666,27.98,49,0,4.63,US,1726520804
529,tadjourah,12.0,42.5,30.64,43,86,1.5,DJ,1726520805
530,minas de marcona,-15.2119,-75.1103,17.45,55,3,4.46,PE,1726520806
531,mino,34.8269,135.4706,27.46,99,17,0.31,JP,1726520807
532,pingnan,23.5543,110.3976,24.88,88,100,1.86,CN,1726520808
533,rio grande,-32.035,-52.0986,15.12,80,0,3.27,BR,1726520809
534,santa marta,11.2408,-74.199,31.08,75,85,6.38,CO,1726520810
535,tumayr,25.7039,45.868,29.23,19,0,2.92,SA,1726520811
536,nadym,65.5333,72.5167,12.29,88,99,3.15,RU,1726520812
537,katpur,21.05,71.7833,25.25,76,7,3.74,IN,1726520814
538,berezovyy,51.6667,135.7,9.29,81,82,2.45,RU,1726520815
539,gorlitz,51.1552,14.9885,14.87,84,98,1.35,DE,1726520816
540,cedeira,43.6797,-8.0209,16.65,81,22,13.27,ES,1726520686
541,baissa,7.2333,10.6333,23.48,97,100,1.09,NG,1726520818
542,bubaque,11.2833,-15.8333,26.57,81,100,7.07,GW,1726520802
543,al qusiyah,27.4402,30.8184,30.82,38,0,3.24,EG,1726520820
544,bogalusa,30.791,-89.8487,31.11,58,40,0.0,US,1726520821
545,yangjiang,21.85,111.9667,25.26,89,100,1.84,CN,1726520822
546,l'govskiy,51.6307,35.2775,16.61,52,32,3.85,RU,1726520823
547,chibougamau,49.9168,-74.3659,23.7,59,65,5.47,CA,1726520825
548,rosarito,32.3333,-117.0333,22.51,63,15,6.12,MX,1726520826
549,crane,31.3974,-102.3501,31.6,39,22,7.52,US,1726520827
550,barisal,22.7019,90.3711,26.31,91,100,2.35,BD,1726520828
551,esquel,-42.9,-71.3167,10.74,59,93,1.88,AR,1726520829
552,manggar,-2.8833,108.2667,26.79,76,98,2.97,ID,1726520830
553,gulf shores,30.246,-87.7008,29.03,73,40,6.17,US,1726520831
554,mthatha,-31.5889,28.7844,13.01,87,100,0.8,ZA,1726520832
555,tazacorte,28.629,-17.9293,22.54,91,0,3.6,ES,1726520833
556,inhambane,-23.865,35.3833,23.56,93,1,3.76,MZ,1726520834
557,freeport,40.6576,-73.5832,23.34,68,0,5.14,US,1726520686
558,fort-shevchenko,44.5086,50.263,21.82,39,35,9.38,KZ,1726520837
559,santa cruz do capibaribe,-7.9575,-36.2047,23.43,58,1,5.52,BR,1726520838
560,yaren,-0.5472,166.916,28.25,67,92,2.43,NR,1726520839
561,arraial do cabo,-22.9661,-42.0278,22.92,83,100,6.17,BR,1726520840
562,kas,36.2018,29.6377,22.38,60,0,5.69,TR,1726520841
563,barcelos,41.5388,-8.6151,21.89,24,27,2.51,PT,1726520842
564,adamovka,51.5223,59.9396,9.47,50,3,6.17,RU,1726520843
565,horqueta,-23.3428,-57.0597,25.19,41,0,2.2,PY,1726520844
566,palikir - national government center,6.9248,158.1611,27.78,73,36,3.03,FM,1726520699
567,nuku'alofa,-21.1333,-175.2,24.19,94,75,2.57,TO,1726520693
568,birzebbuga,35.8258,14.5269,21.38,68,20,2.57,MT,1726520848
569,ciudad lazaro cardenas,17.9583,-102.2,30.58,70,53,3.26,MX,1726520808
570,kratie,12.4881,106.0188,23.76,99,100,1.27,KH,1726520838
571,tvoroyri,61.5556,-6.8111,11.11,95,100,15.98,FO,1726520851
572,san antonio,29.4241,-98.4936,37.22,42,40,5.14,US,1726520852
573,chifeng,42.2683,118.9636,16.03,61,88,1.25,CN,1726520833
574,decorah,43.3033,-91.7857,29.51,45,20,2.57,US,1726520854
575,tono,39.3167,141.5333,18.58,94,69,1.06,JP,1726520855
576,bokoro,12.3807,17.0568,24.83,67,55,2.89,TD,1726520856
577,san angelo,31.4638,-100.437,34.19,39,0,3.13,US,1726520858
578,trincomalee,8.5711,81.2335,27.78,77,100,10.32,LK,1726520859
579,culebra,18.303,-65.301,29.44,78,12,2.68,PR,1726520860
580,mirny,62.5353,113.9611,-0.65,87,46,3.42,RU,1726520861
581,trondheim,63.4305,10.3951,11.03,94,100,2.12,NO,1726520862
582,airuk,7.2772,168.8203,28.49,69,67,2.68,MH,1726520863
583,tal'menka,53.8183,83.5677,0.97,93,8,2.74,RU,1726520864
584,talcahuano,-36.7167,-73.1167,16.82,55,0,4.63,CL,1726520865
585,meadow lake,34.8014,-106.5436,25.92,23,8,9.03,US,1726520866
586,tateyama,34.9833,139.8667,24.84,90,42,0.98,JP,1726520647
587,rehoboth,-23.3167,17.0833,13.3,16,0,2.58,NA,1726520868
588,lerwick,60.1545,-1.1494,11.81,83,100,6.55,GB,1726520870
